<prezi version="2" xmlns="http://prezi.com/schema/prezi/2" xmlns:xsi="http://www.w3.org/2001/XMLSchema-instance" xsi:schemaLocation="http://prezi.com/schema/prezi/2 http://prezi.com/schema/prezi/2"><xFields><xField name="preziType"><xEnum type="PreziType" value="converted-from-core"/></xField></xFields><background><background><layers><array><backgroundImage><assetSourceFilename><string value="PCB-transparent.png"/></assetSourceFilename><depth><double value="0"/></depth><fadeScale><double value="22.59060998438898"/></fadeScale><height><double value="2200"/></height><localToWorld><transform2D x="1174.6904560318235" y="829.9436326638674" scale="54.79835866067104" rotation="0"/></localToWorld><onlineAssetId><string value="1023198101"/></onlineAssetId><onlineAssetUrl><string value="http://0103.static.prezi.com.s3.amazonaws.com/media/1/7/b/7c7fa5e59a21532941ace059347878d4e5a18.png"/></onlineAssetUrl><width><double value="3000"/></width></backgroundImage></array></layers></background></background><documentStyle><documentStyle><fontClasses><array><fontClass><fontFamily><string value="Arimo"/></fontFamily><name><string value="body"/></name></fontClass><fontClass><fontFamily><string value="AmaticSC"/></fontFamily><name><string value="custom-amaticsc"/></name></fontClass><fontClass><fontFamily><string value="Arimo"/></fontFamily><name><string value="custom-arimo"/></name></fontClass><fontClass><fontFamily><string value="Inconsolata"/></fontFamily><name><string value="custom-inconsolata"/></name></fontClass><fontClass><fontFamily><string value="LiberationMonoPR"/></fontFamily><fontStyle><fontStyle value="italic"/></fontStyle><fontWeight><fontWeight value="bold"/></fontWeight><name><string value="head"/></name></fontClass><fontClass><fontFamily><string value="Arimo"/></fontFamily><fontStyle><fontStyle value="italic"/></fontStyle><fontWeight><fontWeight value="bold"/></fontWeight><name><string value="strong"/></name></fontClass></array></fontClasses><fontFamilies><array><fontFamily><fontFaces><array><fontFace><fontSrc><string value="AmaticSC-Regular.keg"/></fontSrc></fontFace><fontFace><fontSrc><string value="AmaticSC-Bold.keg"/></fontSrc><fontWeight><fontWeight value="bold"/></fontWeight></fontFace></array></fontFaces><name><string value="AmaticSC"/></name></fontFamily><fontFamily><fontFaces><array><fontFace><fontSrc><string value="Arimo-Regular.keg"/></fontSrc></fontFace><fontFace><fontSrc><string value="Arimo-Regular.keg"/></fontSrc></fontFace><fontFace><fontSrc><string value="Arimo-BoldItalic.keg"/></fontSrc><fontStyle><fontStyle value="italic"/></fontStyle><fontWeight><fontWeight value="bold"/></fontWeight></fontFace><fontFace><fontSrc><string value="Arimo-Bold.keg"/></fontSrc><fontWeight><fontWeight value="bold"/></fontWeight></fontFace><fontFace><fontSrc><string value="Arimo-Italic.keg"/></fontSrc><fontStyle><fontStyle value="italic"/></fontStyle></fontFace></array></fontFaces><name><string value="Arimo"/></name></fontFamily><fontFamily><fontFaces><array><fontFace><fontSrc><string value="Inconsolata-Regular.keg"/></fontSrc></fontFace><fontFace><fontSrc><string value="Inconsolata-Bold.keg"/></fontSrc><fontWeight><fontWeight value="bold"/></fontWeight></fontFace></array></fontFaces><name><string value="Inconsolata"/></name></fontFamily><fontFamily><fontFaces><array><fontFace><fontSrc><string value="LiberationMonoPR-BoldItalic.keg"/></fontSrc><fontStyle><fontStyle value="italic"/></fontStyle><fontWeight><fontWeight value="bold"/></fontWeight></fontFace><fontFace><fontSrc><string value="LiberationMonoPR-Regular.keg"/></fontSrc></fontFace><fontFace><fontSrc><string value="LiberationMonoPR-Bold.keg"/></fontSrc><fontWeight><fontWeight value="bold"/></fontWeight></fontFace><fontFace><fontSrc><string value="LiberationMonoPR-Italic.keg"/></fontSrc><fontStyle><fontStyle value="italic"/></fontStyle></fontFace></array></fontFaces><name><string value="LiberationMonoPR"/></name></fontFamily></array></fontFamilies><styleDeclarations><array><styleDeclaration><styleBlock><styleBlock><gradEndAlpha><double value="0.7"/></gradEndAlpha><gradStartAlpha><double value="0.5"/></gradStartAlpha></styleBlock></styleBlock><styleSelector><simpleSelector value="zCircle"/></styleSelector></styleDeclaration><styleDeclaration><styleBlock><styleBlock><borderThickness><double value="0"/></borderThickness><color><color value="#A4D9AD"/></color><fillType><fillType value="linear"/></fillType><gradEndColor><color value="#A4D9AD"/></gradEndColor><gradStartColor><color value="#A4D9AD"/></gradStartColor></styleBlock></styleBlock><styleSelector><simpleSelector value="*.line1"/></styleSelector></styleDeclaration><styleDeclaration><styleBlock><styleBlock><borderThickness><double value="0"/></borderThickness><color><color value="#66E186"/></color><fillType><fillType value="linear"/></fillType><gradEndColor><color value="#66E186"/></gradEndColor><gradStartColor><color value="#66E186"/></gradStartColor></styleBlock></styleBlock><styleSelector><simpleSelector value="*.line2"/></styleSelector></styleDeclaration><styleDeclaration><styleBlock><styleBlock><borderThickness><double value="0"/></borderThickness><color><color value="#2D7E55"/></color><fillType><fillType value="linear"/></fillType><gradEndColor><color value="#2D7E55"/></gradEndColor><gradStartColor><color value="#2D7E55"/></gradStartColor></styleBlock></styleBlock><styleSelector><simpleSelector value="*.line3"/></styleSelector></styleDeclaration><styleDeclaration><styleBlock><styleBlock><borderThickness><double value="0"/></borderThickness><color><color value="#D7A84F"/></color><fillType><fillType value="linear"/></fillType><gradEndColor><color value="#D7A84F"/></gradEndColor><gradStartColor><color value="#D7A84F"/></gradStartColor></styleBlock></styleBlock><styleSelector><simpleSelector value="*.line4"/></styleSelector></styleDeclaration><styleDeclaration><styleBlock><styleBlock><borderThickness><double value="0"/></borderThickness><color><color value="#0D2E28"/></color><fillType><fillType value="linear"/></fillType><gradEndColor><color value="#0D2E28"/></gradEndColor><gradStartColor><color value="#0D2E28"/></gradStartColor></styleBlock></styleBlock><styleSelector><simpleSelector value="*.line5"/></styleSelector></styleDeclaration><styleDeclaration><styleBlock><styleBlock><borderThickness><double value="0"/></borderThickness><color><color value="#1A5D42"/></color><fillType><fillType value="linear"/></fillType><gradEndColor><color value="#A4D9AD"/></gradEndColor><gradStartColor><color value="#A4D9AD"/></gradStartColor></styleBlock></styleBlock><styleSelector><simpleSelector value="*.poly1"/></styleSelector></styleDeclaration><styleDeclaration><styleBlock><styleBlock><borderThickness><double value="0"/></borderThickness><color><color value="#1A5D42"/></color><fillType><fillType value="linear"/></fillType><gradEndColor><color value="#66E186"/></gradEndColor><gradStartColor><color value="#66E186"/></gradStartColor></styleBlock></styleBlock><styleSelector><simpleSelector value="*.poly2"/></styleSelector></styleDeclaration><styleDeclaration><styleBlock><styleBlock><borderThickness><double value="0"/></borderThickness><color><color value="#1A5D42"/></color><fillType><fillType value="linear"/></fillType><gradEndColor><color value="#2D7E55"/></gradEndColor><gradStartColor><color value="#2D7E55"/></gradStartColor></styleBlock></styleBlock><styleSelector><simpleSelector value="*.poly3"/></styleSelector></styleDeclaration><styleDeclaration><styleBlock><styleBlock><borderThickness><double value="0"/></borderThickness><color><color value="#1A5D42"/></color><fillType><fillType value="linear"/></fillType><gradEndColor><color value="#D7A84F"/></gradEndColor><gradStartColor><color value="#D7A84F"/></gradStartColor></styleBlock></styleBlock><styleSelector><simpleSelector value="*.poly4"/></styleSelector></styleDeclaration><styleDeclaration><styleBlock><styleBlock><borderAlpha><double value="1"/></borderAlpha><borderColor><color value="#2D7E55"/></borderColor><borderThickness><double value="7"/></borderThickness><color><color value="#1A5D42"/></color><fillType><fillType value="linear"/></fillType><gradEndColor><color value="#083F2F"/></gradEndColor><gradStartColor><color value="#083F2F"/></gradStartColor></styleBlock></styleBlock><styleSelector><simpleSelector value="*.poly5"/></styleSelector></styleDeclaration><styleDeclaration><styleBlock><styleBlock><fillType><fillType value="linear"/></fillType><gradEndColor><color value="#1A5D42"/></gradEndColor><gradStartColor><color value="#1A5D42"/></gradStartColor></styleBlock></styleBlock><styleSelector><simpleSelector value="background"/></styleSelector></styleDeclaration><styleDeclaration><styleBlock><styleBlock><borderAlpha><double value="0"/></borderAlpha><borderThickness><double value="0"/></borderThickness><fillType><fillType value="linear"/></fillType><gradEndAlpha><double value="1"/></gradEndAlpha><gradEndColor><color value="#FFFFFF"/></gradEndColor><gradStartAlpha><double value="1"/></gradStartAlpha><gradStartColor><color value="#FFFFFF"/></gradStartColor><thickness><double value="10"/></thickness></styleBlock></styleBlock><styleSelector><simpleSelector value="zArrow"/></styleSelector></styleDeclaration><styleDeclaration><styleBlock><styleBlock><borderAlpha><double value="0"/></borderAlpha><gradEndAlpha><double value="1"/></gradEndAlpha><gradStartAlpha><double value="1"/></gradStartAlpha><radius><double value="0"/></radius><thickness><double value="100"/></thickness></styleBlock></styleBlock><styleSelector><simpleSelector value="zCircle"/></styleSelector></styleDeclaration><styleDeclaration><styleBlock><styleBlock><color><color value="#FFFFFF"/></color></styleBlock></styleBlock><styleSelector><simpleSelector value="zPencil"/></styleSelector></styleDeclaration><styleDeclaration><styleBlock><styleBlock><borderAlpha><double value="0"/></borderAlpha><borderColor><color value="#0D2E28"/></borderColor><borderThickness><double value="0"/></borderThickness><fillType><fillType value="linear"/></fillType><gradEndAlpha><double value="1"/></gradEndAlpha><gradEndColor><color value="#0D2E28"/></gradEndColor><gradStartAlpha><double value="1"/></gradStartAlpha><gradStartColor><color value="#0D2E28"/></gradStartColor><padding><double value="1.03"/></padding><thickness><double value="5"/></thickness></styleBlock></styleBlock><styleSelector><simpleSelector value="zBracketFrame"/></styleSelector></styleDeclaration><styleDeclaration><styleBlock><styleBlock><borderAlpha><double value="0"/></borderAlpha><borderColor><color value="#D1AB85"/></borderColor><borderThickness><double value="0"/></borderThickness><fillType><fillType value="linear"/></fillType><gradEndAlpha><double value="1"/></gradEndAlpha><gradEndColor><color value="#D1AB85"/></gradEndColor><gradStartAlpha><double value="1"/></gradStartAlpha><gradStartColor><color value="#D1AB85"/></gradStartColor><padding><double value="1.03"/></padding><thickness><double value="5"/></thickness></styleBlock></styleBlock><styleSelector><simpleSelector value="zCircleFrame"/></styleSelector></styleDeclaration><styleDeclaration><styleBlock><styleBlock><borderAlpha><double value="1"/></borderAlpha><borderColor><color value="#66E186"/></borderColor><borderThickness><double value="10"/></borderThickness><fillType><fillType value="linear"/></fillType><gradEndAlpha><double value="1"/></gradEndAlpha><gradEndColor><color value="#083F2F"/></gradEndColor><gradStartAlpha><double value="1"/></gradStartAlpha><gradStartColor><color value="#083F2F"/></gradStartColor><padding><double value="1.03"/></padding><radius><double value="1"/></radius></styleBlock></styleBlock><styleSelector><simpleSelector value="zRectangleFrame"/></styleSelector></styleDeclaration><styleDeclaration><styleBlock><styleBlock><padding><double value="1.2"/></padding></styleBlock></styleBlock><styleSelector><simpleSelector value="zText"/></styleSelector></styleDeclaration><styleDeclaration><styleBlock><styleBlock><color><color value="#FFFFFF"/></color><fontClass><string value="body"/></fontClass></styleBlock></styleBlock><styleSelector><simpleSelector value="zText.body"/></styleSelector></styleDeclaration><styleDeclaration><styleBlock><styleBlock><backgroundAlpha><double value="0.9"/></backgroundAlpha><backgroundColor><color value="#333333"/></backgroundColor><backgroundPadding><double value="5"/></backgroundPadding></styleBlock></styleBlock><styleSelector><simpleSelector value="zText.body-background"/></styleSelector></styleDeclaration><styleDeclaration><styleBlock><styleBlock><color><color value="#D0BA4D"/></color><fontClass><string value="head"/></fontClass></styleBlock></styleBlock><styleSelector><simpleSelector value="zText.title"/></styleSelector></styleDeclaration><styleDeclaration><styleBlock><styleBlock><backgroundAlpha><double value="0.9"/></backgroundAlpha><backgroundColor><color value="#0D2E28"/></backgroundColor><backgroundPadding><double value="5"/></backgroundPadding></styleBlock></styleBlock><styleSelector><simpleSelector value="zText.title-background"/></styleSelector></styleDeclaration><styleDeclaration><styleBlock><styleBlock><color><color value="#FFFFFF"/></color><fontClass><string value="strong"/></fontClass></styleBlock></styleBlock><styleSelector><simpleSelector value="zText.subtitle"/></styleSelector></styleDeclaration><styleDeclaration><styleBlock><styleBlock><backgroundAlpha><double value="0.9"/></backgroundAlpha><backgroundColor><color value="#2D7E55"/></backgroundColor><backgroundPadding><double value="5"/></backgroundPadding></styleBlock></styleBlock><styleSelector><simpleSelector value="zText.subtitle-background"/></styleSelector></styleDeclaration><styleDeclaration><styleBlock><styleBlock><color><color value="#FFFFFF"/></color></styleBlock></styleBlock><styleSelector><simpleSelector value="zLine"/></styleSelector></styleDeclaration><styleDeclaration><styleBlock><styleBlock><alpha><double value="0.5"/></alpha><color><color value="#40DFC2"/></color></styleBlock></styleBlock><styleSelector><simpleSelector value="zMarker"/></styleSelector></styleDeclaration><styleDeclaration><styleBlock><styleBlock><borderAlpha><double value="0"/></borderAlpha><gradEndAlpha><double value="1"/></gradEndAlpha><gradStartAlpha><double value="1"/></gradStartAlpha><radius><double value="0"/></radius><thickness><double value="100"/></thickness></styleBlock></styleBlock><styleSelector><simpleSelector value="zTriangle"/></styleSelector></styleDeclaration><styleDeclaration><styleBlock><styleBlock><borderAlpha><double value="0"/></borderAlpha><gradEndAlpha><double value="1"/></gradEndAlpha><gradStartAlpha><double value="1"/></gradStartAlpha><radius><double value="0"/></radius><thickness><double value="100"/></thickness></styleBlock></styleBlock><styleSelector><simpleSelector value="zSquare"/></styleSelector></styleDeclaration><styleDeclaration><styleBlock><styleBlock><fontClass><string value="custom-amaticsc"/></fontClass></styleBlock></styleBlock><styleSelector><simpleSelector value="#0_253297943"/></styleSelector></styleDeclaration><styleDeclaration><styleBlock><styleBlock><thickness><double value="8"/></thickness></styleBlock></styleBlock><styleSelector><simpleSelector value="#102_30863873"/></styleSelector></styleDeclaration><styleDeclaration><styleBlock><styleBlock><thickness><double value="8"/></thickness></styleBlock></styleBlock><styleSelector><simpleSelector value="#103_30863873"/></styleSelector></styleDeclaration><styleDeclaration><styleBlock><styleBlock><thickness><double value="8"/></thickness></styleBlock></styleBlock><styleSelector><simpleSelector value="#104_30863873"/></styleSelector></styleDeclaration><styleDeclaration><styleBlock><styleBlock><thickness><double value="8"/></thickness></styleBlock></styleBlock><styleSelector><simpleSelector value="#113_30863873"/></styleSelector></styleDeclaration><styleDeclaration><styleBlock><styleBlock><thickness><double value="8"/></thickness></styleBlock></styleBlock><styleSelector><simpleSelector value="#114_30863873"/></styleSelector></styleDeclaration><styleDeclaration><styleBlock><styleBlock><thickness><double value="8"/></thickness></styleBlock></styleBlock><styleSelector><simpleSelector value="#115_30863873"/></styleSelector></styleDeclaration><styleDeclaration><styleBlock><styleBlock><thickness><double value="8"/></thickness></styleBlock></styleBlock><styleSelector><simpleSelector value="#116_30863873"/></styleSelector></styleDeclaration><styleDeclaration><styleBlock><styleBlock><thickness><double value="8"/></thickness></styleBlock></styleBlock><styleSelector><simpleSelector value="#117_30863873"/></styleSelector></styleDeclaration><styleDeclaration><styleBlock><styleBlock><thickness><double value="8"/></thickness></styleBlock></styleBlock><styleSelector><simpleSelector value="#118_30863873"/></styleSelector></styleDeclaration><styleDeclaration><styleBlock><styleBlock><thickness><double value="8"/></thickness></styleBlock></styleBlock><styleSelector><simpleSelector value="#120_30863873"/></styleSelector></styleDeclaration><styleDeclaration><styleBlock><styleBlock><thickness><double value="8"/></thickness></styleBlock></styleBlock><styleSelector><simpleSelector value="#121_30863873"/></styleSelector></styleDeclaration><styleDeclaration><styleBlock><styleBlock><thickness><double value="8"/></thickness></styleBlock></styleBlock><styleSelector><simpleSelector value="#122_30863873"/></styleSelector></styleDeclaration><styleDeclaration><styleBlock><styleBlock><thickness><double value="8"/></thickness></styleBlock></styleBlock><styleSelector><simpleSelector value="#124_30863873"/></styleSelector></styleDeclaration><styleDeclaration><styleBlock><styleBlock><thickness><double value="8"/></thickness></styleBlock></styleBlock><styleSelector><simpleSelector value="#125_30863873"/></styleSelector></styleDeclaration><styleDeclaration><styleBlock><styleBlock><thickness><double value="8"/></thickness></styleBlock></styleBlock><styleSelector><simpleSelector value="#126_30863873"/></styleSelector></styleDeclaration><styleDeclaration><styleBlock><styleBlock><thickness><double value="8"/></thickness></styleBlock></styleBlock><styleSelector><simpleSelector value="#139_30863873"/></styleSelector></styleDeclaration><styleDeclaration><styleBlock><styleBlock><thickness><double value="8"/></thickness></styleBlock></styleBlock><styleSelector><simpleSelector value="#13_30863873"/></styleSelector></styleDeclaration><styleDeclaration><styleBlock><styleBlock><thickness><double value="8"/></thickness></styleBlock></styleBlock><styleSelector><simpleSelector value="#140_30863873"/></styleSelector></styleDeclaration><styleDeclaration><styleBlock><styleBlock><thickness><double value="8"/></thickness></styleBlock></styleBlock><styleSelector><simpleSelector value="#141_30863873"/></styleSelector></styleDeclaration><styleDeclaration><styleBlock><styleBlock><thickness><double value="8"/></thickness></styleBlock></styleBlock><styleSelector><simpleSelector value="#14_30863873"/></styleSelector></styleDeclaration><styleDeclaration><styleBlock><styleBlock><thickness><double value="8"/></thickness></styleBlock></styleBlock><styleSelector><simpleSelector value="#15_30863873"/></styleSelector></styleDeclaration><styleDeclaration><styleBlock><styleBlock><thickness><double value="8"/></thickness></styleBlock></styleBlock><styleSelector><simpleSelector value="#16_30863873"/></styleSelector></styleDeclaration><styleDeclaration><styleBlock><styleBlock><thickness><double value="8"/></thickness></styleBlock></styleBlock><styleSelector><simpleSelector value="#17_30863873"/></styleSelector></styleDeclaration><styleDeclaration><styleBlock><styleBlock><thickness><double value="8"/></thickness></styleBlock></styleBlock><styleSelector><simpleSelector value="#18_30863873"/></styleSelector></styleDeclaration><styleDeclaration><styleBlock><styleBlock><thickness><double value="8"/></thickness></styleBlock></styleBlock><styleSelector><simpleSelector value="#19_30863873"/></styleSelector></styleDeclaration><styleDeclaration><styleBlock><styleBlock><fontClass><string value="custom-arimo"/></fontClass></styleBlock></styleBlock><styleSelector><simpleSelector value="#21"/></styleSelector></styleDeclaration><styleDeclaration><styleBlock><styleBlock><thickness><double value="8"/></thickness></styleBlock></styleBlock><styleSelector><simpleSelector value="#213_30863873"/></styleSelector></styleDeclaration><styleDeclaration><styleBlock><styleBlock><thickness><double value="8"/></thickness></styleBlock></styleBlock><styleSelector><simpleSelector value="#214_30863873"/></styleSelector></styleDeclaration><styleDeclaration><styleBlock><styleBlock><thickness><double value="8"/></thickness></styleBlock></styleBlock><styleSelector><simpleSelector value="#215_30863873"/></styleSelector></styleDeclaration><styleDeclaration><styleBlock><styleBlock><thickness><double value="8"/></thickness></styleBlock></styleBlock><styleSelector><simpleSelector value="#23_30863873"/></styleSelector></styleDeclaration><styleDeclaration><styleBlock><styleBlock><thickness><double value="8"/></thickness></styleBlock></styleBlock><styleSelector><simpleSelector value="#24_30863873"/></styleSelector></styleDeclaration><styleDeclaration><styleBlock><styleBlock><borderThickness><double value="7"/></borderThickness></styleBlock></styleBlock><styleSelector><simpleSelector value="#2_24309637"/></styleSelector></styleDeclaration><styleDeclaration><styleBlock><styleBlock><fontClass><string value="custom-inconsolata"/></fontClass></styleBlock></styleBlock><styleSelector><simpleSelector value="#35"/></styleSelector></styleDeclaration><styleDeclaration><styleBlock><styleBlock><borderThickness><double value="7"/></borderThickness></styleBlock></styleBlock><styleSelector><simpleSelector value="#3_24309637"/></styleSelector></styleDeclaration><styleDeclaration><styleBlock><styleBlock><thickness><double value="8"/></thickness></styleBlock></styleBlock><styleSelector><simpleSelector value="#40_30863873"/></styleSelector></styleDeclaration><styleDeclaration><styleBlock><styleBlock><thickness><double value="8"/></thickness></styleBlock></styleBlock><styleSelector><simpleSelector value="#41_30863873"/></styleSelector></styleDeclaration><styleDeclaration><styleBlock><styleBlock><thickness><double value="8"/></thickness></styleBlock></styleBlock><styleSelector><simpleSelector value="#42_30863873"/></styleSelector></styleDeclaration><styleDeclaration><styleBlock><styleBlock><thickness><double value="8"/></thickness></styleBlock></styleBlock><styleSelector><simpleSelector value="#43_30863873"/></styleSelector></styleDeclaration><styleDeclaration><styleBlock><styleBlock><thickness><double value="8"/></thickness></styleBlock></styleBlock><styleSelector><simpleSelector value="#44_30863873"/></styleSelector></styleDeclaration><styleDeclaration><styleBlock><styleBlock><thickness><double value="8"/></thickness></styleBlock></styleBlock><styleSelector><simpleSelector value="#45_30863873"/></styleSelector></styleDeclaration><styleDeclaration><styleBlock><styleBlock><thickness><double value="8"/></thickness></styleBlock></styleBlock><styleSelector><simpleSelector value="#59_30863873"/></styleSelector></styleDeclaration><styleDeclaration><styleBlock><styleBlock><thickness><double value="8"/></thickness></styleBlock></styleBlock><styleSelector><simpleSelector value="#60_30863873"/></styleSelector></styleDeclaration><styleDeclaration><styleBlock><styleBlock><thickness><double value="8"/></thickness></styleBlock></styleBlock><styleSelector><simpleSelector value="#61_30863873"/></styleSelector></styleDeclaration></array></styleDeclarations></documentStyle></documentStyle><path><array><flyToObject><target><ref value="9_30863873"/></target></flyToObject><flyToObject><target><ref value="3_24309637"/></target></flyToObject><flyToObject><target><ref value="26_30863873"/></target></flyToObject><flyToObject><target><ref value="37_30863873"/></target></flyToObject><flyToObject><target><ref value="10"/></target></flyToObject><flyToObject><target><ref value="37_30863873"/></target></flyToObject><flyToObject><target><ref value="20"/></target></flyToObject><flyToObject><target><ref value="26"/></target></flyToObject><flyToObject><target><ref value="36_30863873"/></target></flyToObject><flyToObject><target><ref value="34"/></target></flyToObject><flyToObject><target><ref value="41"/></target></flyToObject><flyToObject><target><ref value="42"/></target></flyToObject><flyToObject><target><ref value="36_30863873"/></target></flyToObject><flyToObject><target><ref value="19"/></target></flyToObject><flyToObject><target><ref value="28"/></target></flyToObject><flyToObject><target><ref value="38_30863873"/></target></flyToObject><flyToObject><target><ref value="9_30863873"/></target></flyToObject></array></path><zObjects><array><zGroup><children><array><ref value="139_30863873"/><ref value="140_30863873"/><ref value="141_30863873"/></array></children><id><string value="54_30863873"/></id><localToWorld><transform2D x="-20804.92898252886" y="5480.022942166787" scale="64.56566474827217" rotation="0"/></localToWorld></zGroup><zGroup><children><array><ref value="13_30863873"/><ref value="23_30863873"/><ref value="24_30863873"/><ref value="120_30863873"/><ref value="121_30863873"/><ref value="122_30863873"/></array></children><id><string value="52_30863873"/></id><localToWorld><transform2D x="8349.025956610167" y="5504.23955868031" scale="64.56566474827217" rotation="0"/></localToWorld></zGroup><zGroup><children><array><ref value="59_30863873"/><ref value="60_30863873"/><ref value="61_30863873"/><ref value="118_30863873"/><ref value="117_30863873"/><ref value="116_30863873"/></array></children><id><string value="53_30863873"/></id><localToWorld><transform2D x="-12126.256157616517" y="-2974.350192045981" scale="64.56566474827217" rotation="0"/></localToWorld></zGroup><zGroup><children><array><ref value="113_30863873"/><ref value="114_30863873"/><ref value="115_30863873"/><ref value="124_30863873"/><ref value="125_30863873"/><ref value="126_30863873"/></array></children><id><string value="51_30863873"/></id><localToWorld><transform2D x="-539.2167057686468" y="14219.63878084743" scale="64.56566474827217" rotation="0"/></localToWorld></zGroup><zGroup><children><array><ref value="40_30863873"/><ref value="41_30863873"/><ref value="42_30863873"/><ref value="43_30863873"/><ref value="44_30863873"/><ref value="45_30863873"/></array></children><id><string value="55_30863873"/></id><localToWorld><transform2D x="24915.512414911158" y="4814.400794696338" scale="64.56566474827217" rotation="0"/></localToWorld></zGroup><zInvisibleFrame><height><double value="663.8406141956572"/></height><id><string value="9_30863873"/></id><localToWorld><transform2D x="0" y="1.0051882146812386e-12" scale="88.55007953293018" rotation="0"/></localToWorld><styleClasses><array><token value="invisible"/></array></styleClasses><width><double value="889.0861517311316"/></width></zInvisibleFrame><zLine><id><string value="59_30863873"/></id><localToWorld><transform2D x="-13350.97629671947" y="-4637.558009657214" scale="26.90946567117304" rotation="1.239521007630537e-16"/></localToWorld><startEndDistance><double value="586.1228911680345"/></startEndDistance><styleClasses><array><token value="line3"/></array></styleClasses></zLine><zLine><id><string value="60_30863873"/></id><localToWorld><transform2D x="-13236.854890440165" y="-4201.582633932417" scale="26.909465671173056" rotation="0.0003879978603134946"/></localToWorld><startEndDistance><double value="563.7720895968031"/></startEndDistance><styleClasses><array><token value="line3"/></array></styleClasses></zLine><zLine><id><string value="61_30863873"/></id><localToWorld><transform2D x="-13102.537561098607" y="-3752.070699907643" scale="26.90946567117304" rotation="2.06250389686605e-17"/></localToWorld><startEndDistance><double value="540.3264159468914"/></startEndDistance><styleClasses><array><token value="line3"/></array></styleClasses></zLine><zLine><id><string value="139_30863873"/></id><localToWorld><transform2D x="-21237.238034554124" y="5480.022942166787" scale="26.909465671173095" rotation="-1.5707963267948966"/></localToWorld><startEndDistance><double value="751.9319660412758"/></startEndDistance><styleClasses><array><token value="line3"/></array></styleClasses></zLine><zLine><id><string value="140_30863873"/></id><localToWorld><transform2D x="-20822.39197934791" y="5473.0751534809915" scale="26.909465671173106" rotation="-1.5707963267948966"/></localToWorld><startEndDistance><double value="719.2312008480421"/></startEndDistance><styleClasses><array><token value="line3"/></array></styleClasses></zLine><zLine><id><string value="141_30863873"/></id><localToWorld><transform2D x="-20372.6199305036" y="5486.967561968347" scale="26.909465671173106" rotation="-1.5707963267948968"/></localToWorld><startEndDistance><double value="686.6357813519414"/></startEndDistance><styleClasses><array><token value="line3"/></array></styleClasses></zLine><zLine><id><string value="213_30863873"/></id><localToWorld><transform2D x="-12566.172612094051" y="-6976.254305344626" scale="26.909465671173084" rotation="-1.5707963267948966"/></localToWorld><startEndDistance><double value="164.43443904715343"/></startEndDistance><styleClasses><array><token value="line3"/></array></styleClasses></zLine><zLine><id><string value="214_30863873"/></id><localToWorld><transform2D x="-12128.525454362878" y="-6976.254305344626" scale="26.909465671173084" rotation="-1.5707963267948966"/></localToWorld><startEndDistance><double value="164.43443904715357"/></startEndDistance><styleClasses><array><token value="line3"/></array></styleClasses></zLine><zLine><id><string value="215_30863873"/></id><localToWorld><transform2D x="-11681.565014017064" y="-6976.254305344626" scale="26.909465671173084" rotation="-1.5707963267948966"/></localToWorld><startEndDistance><double value="164.4344390471537"/></startEndDistance><styleClasses><array><token value="line3"/></array></styleClasses></zLine><zLine><id><string value="13_30863873"/></id><localToWorld><transform2D x="19225.4071435312" y="5758.514474342737" scale="26.909465671173095" rotation="-1.5707963267948966"/></localToWorld><startEndDistance><double value="526.0626437303301"/></startEndDistance><styleClasses><array><token value="line3"/></array></styleClasses></zLine><zLine><id><string value="23_30863873"/></id><localToWorld><transform2D x="19657.02790359928" y="5627.469120245473" scale="26.909465671173095" rotation="-1.5707963267948966"/></localToWorld><startEndDistance><double value="549.6684836875033"/></startEndDistance><styleClasses><array><token value="line3"/></array></styleClasses></zLine><zLine><id><string value="24_30863873"/></id><localToWorld><transform2D x="20103.988343945057" y="5509.500925989469" scale="26.909465671173095" rotation="-1.5707963267948966"/></localToWorld><startEndDistance><double value="572.5093185525623"/></startEndDistance><styleClasses><array><token value="line3"/></array></styleClasses></zLine><zLine><id><string value="102_30863873"/></id><localToWorld><transform2D x="9643.586811364272" y="17940.038585111175" scale="26.909465671173084" rotation="-1.5707963267948966"/></localToWorld><startEndDistance><double value="164.43443904715343"/></startEndDistance><styleClasses><array><token value="line3"/></array></styleClasses></zLine><zLine><id><string value="103_30863873"/></id><localToWorld><transform2D x="10081.233969095454" y="17940.038585111175" scale="26.909465671173084" rotation="-1.5707963267948966"/></localToWorld><startEndDistance><double value="164.43443904715357"/></startEndDistance><styleClasses><array><token value="line3"/></array></styleClasses></zLine><zLine><id><string value="104_30863873"/></id><localToWorld><transform2D x="10528.194409441241" y="17940.038585111175" scale="26.909465671173084" rotation="-1.5707963267948966"/></localToWorld><startEndDistance><double value="164.4344390471537"/></startEndDistance><styleClasses><array><token value="line3"/></array></styleClasses></zLine><zLine><id><string value="113_30863873"/></id><localToWorld><transform2D x="-1508.1011026760102" y="14725.255855885825" scale="26.909465671173063" rotation="-9.778233004197272e-18"/></localToWorld><startEndDistance><double value="1402.1171689702276"/></startEndDistance><styleClasses><array><token value="line3"/></array></styleClasses></zLine><zLine><id><string value="114_30863873"/></id><localToWorld><transform2D x="-1661.628485953724" y="15172.797113127606" scale="26.909465671173063" rotation="2.2089466280626706e-19"/></localToWorld><startEndDistance><double value="1423.7318205042345"/></startEndDistance><styleClasses><array><token value="line3"/></array></styleClasses></zLine><zLine><id><string value="115_30863873"/></id><localToWorld><transform2D x="-1762.8720832587148" y="15605.303761952402" scale="26.90946567117304" rotation="-0.00016498345752756534"/></localToWorld><startEndDistance><double value="1446.5291753340891"/></startEndDistance><styleClasses><array><token value="line3"/></array></styleClasses></zLine><zLine><id><string value="120_30863873"/></id><localToWorld><transform2D x="8530.173063861646" y="-2203.8563570021424" scale="26.90946567117306" rotation="1.6296927368947136e-16"/></localToWorld><startEndDistance><double value="860.0439967050831"/></startEndDistance><styleClasses><array><token value="line3"/></array></styleClasses></zLine><zLine><id><string value="121_30863873"/></id><localToWorld><transform2D x="8213.129326779122" y="-1770.8241012772396" scale="26.90946567117306" rotation="1.2027330656033453e-16"/></localToWorld><startEndDistance><double value="849.0058590729265"/></startEndDistance><styleClasses><array><token value="line3"/></array></styleClasses></zLine><zLine><id><string value="122_30863873"/></id><localToWorld><transform2D x="7909.493884003545" y="-1319.3849138641235" scale="26.90946567117306" rotation="1.243566088793951e-16"/></localToWorld><startEndDistance><double value="841.0265562470311"/></startEndDistance><styleClasses><array><token value="line3"/></array></styleClasses></zLine><zLine><id><string value="118_30863873"/></id><localToWorld><transform2D x="-4616.388861146232" y="-2535.5175514502243" scale="25.549049208290512" rotation="0.7853981633974483"/></localToWorld><startEndDistance><double value="134.6585904381103"/></startEndDistance><styleClasses><array><token value="line2"/></array></styleClasses></zLine><zLine><id><string value="117_30863873"/></id><localToWorld><transform2D x="-4437.398537005792" y="-2985.2865029302084" scale="25.549049208290512" rotation="0.7853981633974483"/></localToWorld><startEndDistance><double value="134.35561818833094"/></startEndDistance><styleClasses><array><token value="line2"/></array></styleClasses></zLine><zLine><id><string value="116_30863873"/></id><localToWorld><transform2D x="-4261.215596400631" y="-3421.3124903183602" scale="25.549049208290526" rotation="0.7853981633974482"/></localToWorld><startEndDistance><double value="133.83807944370756"/></startEndDistance><styleClasses><array><token value="line2"/></array></styleClasses></zLine><zLine><id><string value="124_30863873"/></id><localToWorld><transform2D x="18904.841898887295" y="14397.500514509069" scale="25.549049208290512" rotation="2.3561944901923453"/></localToWorld><startEndDistance><double value="133.37800928985996"/></startEndDistance><styleClasses><array><token value="line2"/></array></styleClasses></zLine><zLine><id><string value="125_30863873"/></id><localToWorld><transform2D x="18578.2056453719" y="14102.273235177408" scale="25.549049208290526" rotation="2.356194490192345"/></localToWorld><startEndDistance><double value="119.40315735715026"/></startEndDistance><styleClasses><array><token value="line2"/></array></styleClasses></zLine><zLine><id><string value="126_30863873"/></id><localToWorld><transform2D x="18271.840221795657" y="13789.68310196744" scale="25.54904920829046" rotation="2.3562727228471188"/></localToWorld><startEndDistance><double value="105.50439488948763"/></startEndDistance><styleClasses><array><token value="line2"/></array></styleClasses></zLine><zRectangleFrame><height><double value="600"/></height><id><string value="26_30863873"/></id><localToWorld><transform2D x="-3887.541690382391" y="14873.97733311256" scale="15.44421826824604" rotation="0"/></localToWorld><styleClasses><array><token value="roundrect"/></array></styleClasses><width><double value="1058.8235294117649"/></width></zRectangleFrame><zRectangleFrame><height><double value="600"/></height><id><string value="36_30863873"/></id><localToWorld><transform2D x="-18912.22477246132" y="-310.3951557045208" scale="7.374262575714481" rotation="0"/></localToWorld><styleClasses><array><token value="roundrect"/></array></styleClasses><width><double value="1058.8235294117649"/></width></zRectangleFrame><zRectangleFrame><height><double value="600"/></height><id><string value="37_30863873"/></id><localToWorld><transform2D x="-20866.397078799146" y="10709.110415015395" scale="7.374262575714481" rotation="0"/></localToWorld><styleClasses><array><token value="roundrect"/></array></styleClasses><width><double value="1058.8235294117649"/></width></zRectangleFrame><zRectangleFrame><height><double value="600"/></height><id><string value="38_30863873"/></id><localToWorld><transform2D x="8212.076856764264" y="-1770.0373958601112" scale="10.180779365989451" rotation="0"/></localToWorld><styleClasses><array><token value="roundrect"/></array></styleClasses><width><double value="1058.8235294117649"/></width></zRectangleFrame><zLine><id><string value="40_30863873"/></id><localToWorld><transform2D x="23349.76246887261" y="5320.268501110563" scale="26.909465671173063" rotation="-1.2802874847969675e-16"/></localToWorld><startEndDistance><double value="240.3516747146253"/></startEndDistance><styleClasses><array><token value="line3"/></array></styleClasses></zLine><zLine><id><string value="41_30863873"/></id><localToWorld><transform2D x="23411.61259225976" y="5767.809758352333" scale="26.909465671173063" rotation="2.2089466280626706e-19"/></localToWorld><startEndDistance><double value="245.95876152797007"/></startEndDistance><styleClasses><array><token value="line3"/></array></styleClasses></zLine><zLine><id><string value="42_30863873"/></id><localToWorld><transform2D x="23515.199408770895" y="6197.105389659432" scale="26.90946567117306" rotation="2.907768817171326e-16"/></localToWorld><startEndDistance><double value="253.53242658252424"/></startEndDistance><styleClasses><array><token value="line3"/></array></styleClasses></zLine><zLine><id><string value="43_30863873"/></id><localToWorld><transform2D x="28309.44202989382" y="4814.532257463641" scale="25.549049208290512" rotation="2.3561944901923453"/></localToWorld><startEndDistance><double value="153.08152183796614"/></startEndDistance><styleClasses><array><token value="line2"/></array></styleClasses></zLine><zLine><id><string value="44_30863873"/></id><localToWorld><transform2D x="27898.309226876157" y="4603.801527634244" scale="25.549049208290523" rotation="2.356194490192344"/></localToWorld><startEndDistance><double value="129.75241446462303"/></startEndDistance><styleClasses><array><token value="line2"/></array></styleClasses></zLine><zLine><id><string value="45_30863873"/></id><localToWorld><transform2D x="27498.459450531995" y="4384.695747192163" scale="25.54904920829047" rotation="2.3562727228471188"/></localToWorld><startEndDistance><double value="105.50439488948763"/></startEndDistance><styleClasses><array><token value="line2"/></array></styleClasses></zLine><zText><id><string value="0_30863873"/></id><localToWorld><transform2D x="-3811.1924131975884" y="11455.480427766994" scale="34.52419724830886" rotation="0"/></localToWorld><styleClasses><array><token value="subtitle"/></array></styleClasses><text><text><width>409.346143553921</width><p align="center"><span><![CDATA[Benchmarks para HPC]]></span></p></text></text></zText><zImage><assetSourceFilename><string value="Linpack.png"/></assetSourceFilename><height><double value="300"/></height><id><string value="7"/></id><localToWorld><transform2D x="787.0540228719259" y="14238.38195795406" scale="10.56875048153947" rotation="0"/></localToWorld><offlineAssetId><string value="4744019826"/></offlineAssetId><onlineAssetId><string value="4744019826"/></onlineAssetId><onlineAssetUrl><string value="http://0103.static.prezi.com.s3.amazonaws.com/media/6/e/0/51b31c1ca6001c8141e4b0ac9d303e373abb5.png"/></onlineAssetUrl><width><double value="300"/></width></zImage><zText><id><string value="1_30863873"/></id><localToWorld><transform2D x="-4160.032048464563" y="13639.688039748982" scale="22.19841747726225" rotation="0"/></localToWorld><styleClasses><array><token value="subtitle"/></array></styleClasses><text><text><width>642.4221214502834</width><p><span><![CDATA[·El benchmark Linpack ]]></span></p></text></text></zText><zText><id><string value="2_30863873"/></id><localToWorld><transform2D x="-20874.509619697244" y="9116.10510188059" scale="16.48451810916436" rotation="0"/></localToWorld><styleClasses><array><token value="subtitle"/></array></styleClasses><text><text><width>409.346143553921</width><p align="center"><span><![CDATA[El benchmark Linpack ]]></span></p></text></text></zText><zText><id><string value="3_30863873"/></id><localToWorld><transform2D x="-21306.65409946713" y="9618.885848921298" scale="10.5992389125469" rotation="0"/></localToWorld><styleClasses><array><token value="body"/></array></styleClasses><text><text><width>642.4221214502834</width><p><span><![CDATA[·Su uso como benchmark fue accidental]]></span></p></text></text></zText><zText><id><string value="4_30863873"/></id><localToWorld><transform2D x="-18904.418753197944" y="-1942.1545332857122" scale="16.48451810916436" rotation="0"/></localToWorld><styleClasses><array><token value="subtitle"/></array></styleClasses><text><text><width>409.346143553921</width><p align="center"><span><![CDATA[Suite de benchmarks NCAR]]></span></p></text></text></zText><zImage><assetSourceFilename><string value="MPAS-var-res_mesh.png"/></assetSourceFilename><height><double value="394"/></height><id><string value="37"/></id><localToWorld><transform2D x="-16107.91484340819" y="-775.582799080865" scale="4.814831127164702" rotation="0"/></localToWorld><offlineAssetId><string value="4744108598"/></offlineAssetId><onlineAssetId><string value="4744108598"/></onlineAssetId><onlineAssetUrl><string value="http://0103.static.prezi.com.s3.amazonaws.com/media/1/4/b/5cd39fed6aff7dafb059166bc9a05c274b325.png"/></onlineAssetUrl><width><double value="396"/></width></zImage><zText><id><string value="5_30863873"/></id><localToWorld><transform2D x="-19697.725151582596" y="-1095.3117869752205" scale="11.659162803801594" rotation="0"/></localToWorld><styleClasses><array><token value="subtitle"/></array></styleClasses><text><text><width>447.801113198556</width><p><span><![CDATA[·Atmosphere Benchmark (MPAS-A) ]]></span></p></text></text></zText><zImage><assetSourceFilename><string value="https://www2.ucar.edu/sites/default/files/images/logos/logo-ncar-spellout-305.jpg"/></assetSourceFilename><height><double value="85"/></height><id><string value="6"/></id><localToWorld><transform2D x="787.5187270775174" y="16844.598044318984" scale="21.081364338801972" rotation="0"/></localToWorld><onlineAssetId><string value="4744015198"/></onlineAssetId><onlineAssetUrl><string value="http://0103.static.prezi.com.s3.amazonaws.com/converted/4/2/f/d2775ea6493ab66809da6a939e6020aa0c615.jpe"/></onlineAssetUrl><width><double value="305"/></width></zImage><zImage><assetSourceFilename><string value="Minions_1363862819_2014.jpg"/></assetSourceFilename><height><double value="1600"/></height><id><string value="36"/></id><localToWorld><transform2D x="8130.2" y="-1081.2" scale="2.560282330859575" rotation="0"/></localToWorld><offlineAssetId><string value="4744406882"/></offlineAssetId><onlineAssetId><string value="4744406882"/></onlineAssetId><onlineAssetUrl><string value="http://0103.static.prezi.com.s3.amazonaws.com/media/9/d/f/35c37746191173b1f59b7f3c89e81d7405a9b.jpg"/></onlineAssetUrl><width><double value="1337"/></width></zImage><zText><id><string value="7_30863873"/></id><localToWorld><transform2D x="8372.457040300158" y="-3541.84149252129" scale="41.19893020432614" rotation="0"/></localToWorld><styleClasses><array><token value="title"/></array></styleClasses><text><text><width>256.65911607673576</width><p><span><![CDATA[¿ALGUNA PREGUNTA?]]></span></p></text></text></zText><zText><id><string value="10_30863873"/></id><localToWorld><transform2D x="-628.42435993204" y="-21992.58804852512" scale="164.5460337624017" rotation="0"/></localToWorld><styleClasses><array><token value="title"/></array></styleClasses><text><text><width>425.0685206409844</width><p align="center"><span><![CDATA[Benchmarks para HPC]]></span></p></text></text></zText><zLine><id><string value="14_30863873"/></id><localToWorld><transform2D x="-24554.051744848457" y="5893.798040455563" scale="26.909465671173084" rotation="3.141592653589793"/></localToWorld><startEndDistance><double value="240.3516747146253"/></startEndDistance><styleClasses><array><token value="line3"/></array></styleClasses></zLine><zLine><id><string value="15_30863873"/></id><localToWorld><transform2D x="-24615.901868235607" y="5446.256783213795" scale="26.909465671173084" rotation="3.141592653589793"/></localToWorld><startEndDistance><double value="245.95876152797007"/></startEndDistance><styleClasses><array><token value="line3"/></array></styleClasses></zLine><zLine><id><string value="16_30863873"/></id><localToWorld><transform2D x="-24719.488684746746" y="5016.961151906692" scale="26.909465671173063" rotation="-3.141592653589793"/></localToWorld><startEndDistance><double value="253.53242658252424"/></startEndDistance><styleClasses><array><token value="line3"/></array></styleClasses></zLine><zLine><id><string value="17_30863873"/></id><localToWorld><transform2D x="-29513.731305869664" y="6399.534284102488" scale="25.549049208290526" rotation="-0.7853981633974482"/></localToWorld><startEndDistance><double value="153.08152183796614"/></startEndDistance><styleClasses><array><token value="line2"/></array></styleClasses></zLine><zLine><id><string value="18_30863873"/></id><localToWorld><transform2D x="-29102.59850285202" y="6610.265013931884" scale="25.549049208290523" rotation="-0.7853981633974495"/></localToWorld><startEndDistance><double value="129.75241446462303"/></startEndDistance><styleClasses><array><token value="line2"/></array></styleClasses></zLine><zLine><id><string value="19_30863873"/></id><localToWorld><transform2D x="-28702.748726507838" y="6829.370794373964" scale="25.549049208290484" rotation="-0.7853199307426748"/></localToWorld><startEndDistance><double value="105.50439488948763"/></startEndDistance><styleClasses><array><token value="line2"/></array></styleClasses></zLine><zCircle><id><string value="2_24309637"/></id><localToWorld><transform2D x="10109.089704084276" y="21045.851167139863" scale="26.734546756855178" rotation="0"/></localToWorld><radius><double value="48.59225745458726"/></radius><styleClasses><array><token value="circle"/><token value="poly5"/></array></styleClasses></zCircle><zCircle><id><string value="3_24309637"/></id><localToWorld><transform2D x="-12116.521379400612" y="-9709.190903879495" scale="26.734546756855178" rotation="0"/></localToWorld><radius><double value="48.59225745458726"/></radius><styleClasses><array><token value="circle"/><token value="poly5"/></array></styleClasses></zCircle><zText><id><string value="0"/></id><localToWorld><transform2D x="-6610.417324554112" y="14111.982414032884" scale="15.856012483758754" rotation="0"/></localToWorld><styleClasses><array><token value="body"/></array></styleClasses><text><text><width>552</width><p><span><![CDATA[Argone National Laboratory - Jack Dongarra ]]></span></p></text></text></zText><zText><id><string value="1"/></id><localToWorld><transform2D x="-10564.43050853931" y="14552.98670514022" scale="15.856012483758754" rotation="0"/></localToWorld><styleClasses><array><token value="body"/></array></styleClasses><text><text><width>-53.390625</width><p><span><![CDATA[1976]]></span></p></text></text></zText><zText><id><string value="2"/></id><localToWorld><transform2D x="-7678.152687603942" y="15834.331101360764" scale="22.19841747726225" rotation="0"/></localToWorld><styleClasses><array><token value="subtitle"/></array></styleClasses><text><text><width>-325.40625</width><p><span><![CDATA[·Suite de benchmarks NCAR]]></span></p></text></text></zText><zText><id><string value="4"/></id><localToWorld><transform2D x="-7423.1849801354965" y="16327.382263494463" scale="15.856012483758754" rotation="0"/></localToWorld><styleClasses><array><token value="body"/></array></styleClasses><text><text><width>-449.54296875</width><p><span><![CDATA[National Center for Atmospheric Research]]></span></p></text></text></zText><zText><id><string value="5"/></id><localToWorld><transform2D x="-6610.122481699935" y="17064.104233781316" scale="15.856012483758754" rotation="0"/></localToWorld><styleClasses><array><token value="body"/></array></styleClasses><text><text><width>552</width><p><span><![CDATA[Financiado por la National Science Foundation y otras agencias gubernamentales y privadas]]></span></p></text></text></zText><zText><id><string value="8"/></id><localToWorld><transform2D x="-20837.64638157395" y="10521.213017419203" scale="10.5992389125469" rotation="0"/></localToWorld><styleClasses><array><token value="body"/></array></styleClasses><text><text><width>730.9079487165415</width><p><span><![CDATA[·Puede conseguirse en versión Fortran, C y como un applet de Java]]></span></p></text></text></zText><zText><id><string value="9"/></id><localToWorld><transform2D x="-20837.58433450476" y="10838.217016160344" scale="10.5992389125469" rotation="0"/></localToWorld><styleClasses><array><token value="body"/></array></styleClasses><text><text><width>730.9079487165415</width><p><span><![CDATA[·Hace un uso muy intensivo de las operaciones de coma flotante]]></span></p></text></text></zText><zRectangleFrame><height><double value="585.3851512025537"/></height><id><string value="10"/></id><localToWorld><transform2D x="-19601.615544997494" y="11467.284167811173" scale="1.201326802903122" rotation="0"/></localToWorld><styleClasses><array><token value="roundrect"/></array></styleClasses><width><double value="1021.3255008120688"/></width></zRectangleFrame><zText><id><string value="11"/></id><localToWorld><transform2D x="-22442.104279485302" y="11965.358786999002" scale="10.5992389125469" rotation="0"/></localToWorld><styleClasses><array><token value="body"/></array></styleClasses><text><text><width>333.6721214502834</width><p><span><![CDATA[·¿Que hace este benchmark?]]></span></p></text></text></zText><zImage><assetSourceFilename><string value="Top500_logo.png"/></assetSourceFilename><height><double value="115"/></height><id><string value="18"/></id><localToWorld><transform2D x="-19105.82739494978" y="11711.590217970375" scale="1.0505126394028896" rotation="0"/></localToWorld><offlineAssetId><string value="4744047607"/></offlineAssetId><onlineAssetId><string value="4744047607"/></onlineAssetId><onlineAssetUrl><string value="http://0103.static.prezi.com.s3.amazonaws.com/media/7/6/9/ab67728b9a635333b569c715f9d974084a0d6.png"/></onlineAssetUrl><width><double value="202"/></width></zImage><zText><id><string value="12"/></id><localToWorld><transform2D x="-19641.724537234484" y="11210.099671262771" scale="1.8306249309445404" rotation="0"/></localToWorld><styleClasses><array><token value="body"/></array></styleClasses><text><text><width>582.7582993951378</width><p><span><![CDATA[·Pasa la mayor parte del tiempo ejecutando unas rutinas llamadas BLAS (Basic Linear Algebra Subroutines o Subrutinas de Álgebra Lineal Básica)]]></span></p></text></text></zText><zText><id><string value="13"/></id><localToWorld><transform2D x="-21306.84272782057" y="9906.719156223979" scale="10.5992389125469" rotation="0"/></localToWorld><styleClasses><array><token value="body"/></array></styleClasses><text><text><width>642.4221214502834</width><p><span><![CDATA[·Su propósito era resolver sistemas de ecuaciones]]></span></p></text></text></zText><zText><id><string value="14"/></id><localToWorld><transform2D x="-21163.532843359288" y="10202.425932382708" scale="10.5992389125469" rotation="0"/></localToWorld><styleClasses><array><token value="body"/></array></styleClasses><text><text><width>669.5565147645476</width><p><span><![CDATA[·Se utilizaba Inicialmente en 23 maquinas concurrentemente]]></span></p></text></text></zText><zText><id><string value="15"/></id><localToWorld><transform2D x="-19719.5718624229" y="11401.994929649036" scale="1.8306249309445404" rotation="0"/></localToWorld><styleClasses><array><token value="body"/></array></styleClasses><text><text><width>497.75</width><p><span><![CDATA[·De lejos, el mayor tiempo de ejecución se consume en la rutina DAXPY que realiza el siguiente calculo: y(i) := y(i) + a * x(i)]]></span></p></text></text></zText><zText><id><string value="16"/></id><localToWorld><transform2D x="-19719.5718624229" y="11569.735092071483" scale="1.8306249309445404" rotation="0"/></localToWorld><styleClasses><array><token value="body"/></array></styleClasses><text><text><width>497.75</width><p><span><![CDATA[·Se puede utilizar para medir la eficiencia de sistemas multiprocesador]]></span></p></text></text></zText><zText><id><string value="17"/></id><localToWorld><transform2D x="-19693.05526029817" y="11710.94949924454" scale="1.8306249309445404" rotation="0"/></localToWorld><styleClasses><array><token value="body"/></array></styleClasses><text><text><width>526.6978764288368</width><p><span><![CDATA[·En www.top500.org podemos encontrar una comparación del "Top 500" en función de Linpack]]></span></p></text></text></zText><zRectangleFrame><height><double value="585.3851512025537"/></height><id><string value="20"/></id><localToWorld><transform2D x="-19601.68809609962" y="12341.92409493084" scale="1.2015771793370498" rotation="0"/></localToWorld><styleClasses><array><token value="roundrect"/></array></styleClasses><width><double value="1021.3255008120688"/></width></zRectangleFrame><zText><id><string value="22"/></id><localToWorld><transform2D x="-19599.938750779387" y="12090.398388042939" scale="1.83100646354746" rotation="0"/></localToWorld><styleClasses><array><token value="body"/></array></styleClasses><text><text><width>628.6268221407777</width><p><span><![CDATA[·El paquete HPL proporciona un programa de pruebas y tiempo para cuantificar la exactitud de la solución obtenida]]></span></p></text></text></zText><zText><id><string value="23"/></id><localToWorld><transform2D x="-19612.4635691376" y="12312.09367043532" scale="1.83100646354746" rotation="0"/></localToWorld><styleClasses><array><token value="body"/></array></styleClasses><text><text><width>614.8</width><p><span><![CDATA[·HPL es un paquete de software que soluciona (al azar) un sistema denso lineal en doble precisión (64 bits) aritmética en equipos de memoria distribuida]]></span></p></text></text></zText><zText><id><string value="24"/></id><localToWorld><transform2D x="-19719.668997578294" y="12541.383609923352" scale="1.83100646354746" rotation="0"/></localToWorld><styleClasses><array><token value="body"/></array></styleClasses><text><text><width>497.75</width><p><span><![CDATA[·Su eficiencia se mantiene constante en paralelo con respecto al uso por memoria del procesador.]]></span></p></text></text></zText><zRectangleFrame><height><double value="585.3851512025537"/></height><id><string value="26"/></id><localToWorld><transform2D x="-18096.820976989056" y="11929.576563168377" scale="1.2015771793370502" rotation="0"/></localToWorld><styleClasses><array><token value="roundrect"/></array></styleClasses><width><double value="1021.3255008120688"/></width></zRectangleFrame><zImage><assetSourceFilename><string value="707b96fa775fde006af3b58bad51f5cd.jpg"/></assetSourceFilename><height><double value="360"/></height><id><string value="31"/></id><localToWorld><transform2D x="-17745.504597561077" y="12139.313061292482" scale="0.6820907230270704" rotation="0"/></localToWorld><offlineAssetId><string value="4744085644"/></offlineAssetId><onlineAssetId><string value="4744085644"/></onlineAssetId><onlineAssetUrl><string value="http://0103.static.prezi.com.s3.amazonaws.com/media/1/e/c/5f6494fc57c279e20cbd034590171e75b7d91.jpg"/></onlineAssetUrl><width><double value="600"/></width></zImage><zText><id><string value="30"/></id><localToWorld><transform2D x="-18180.46773399571" y="11848.69866872004" scale="3.0980280372837083" rotation="0"/></localToWorld><styleClasses><array><token value="title"/></array></styleClasses><text><text><width>332.66089981460766</width><p><span><![CDATA[Los resultados se expresan en MFlops siempre referidos ]]></span></p><p><span><![CDATA[a operaciones de suma y multiplicación de]]></span></p><p><span><![CDATA[doble precisión]]></span></p></text></text></zText><zText><id><string value="32"/></id><localToWorld><transform2D x="-18999.851723472693" y="409.3580350913271" scale="11.659162803801594" rotation="0"/></localToWorld><styleClasses><array><token value="subtitle"/></array></styleClasses><text><text><width>567.5722692237188</width><p><span><![CDATA[·Weather Research and Forecasting model (WRF)]]></span></p></text></text></zText><zCircleFrame><height><double value="800"/></height><id><string value="34"/></id><localToWorld><transform2D x="-16107.723819722347" y="-775.5603213458603" scale="2.37894775225483" rotation="0"/></localToWorld><styleClasses><array><token value="circle"/></array></styleClasses><width><double value="800"/></width></zCircleFrame><zRectangleFrame><height><double value="600"/></height><id><string value="41"/></id><localToWorld><transform2D x="-20748.474265145738" y="-310.46806771687613" scale="1.849302249107521" rotation="0"/></localToWorld><styleClasses><array><token value="roundrect"/></array></styleClasses><width><double value="800"/></width></zRectangleFrame><zRectangleFrame><height><double value="600"/></height><id><string value="42"/></id><localToWorld><transform2D x="-19022.957310781156" y="-310.46806771687625" scale="1.8493022491075215" rotation="0"/></localToWorld><styleClasses><array><token value="roundrect"/></array></styleClasses><width><double value="800"/></width></zRectangleFrame><zSwfGraphics><assetSourceFilename><string value="prezidark_arrow_right_grey.swf"/></assetSourceFilename><height><double value="110"/></height><id><string value="43"/></id><localToWorld><transform2D x="-22105.109615198046" y="-310.74983209081915" scale="7.069246854033684" rotation="0"/></localToWorld><onlineAssetId><string value="2818775314"/></onlineAssetId><onlineAssetUrl><string value="http://0103.static.prezi.com.s3.amazonaws.com/media/5/2/b/0ddc336a44cc77071140639777b7cc29a1775.swf"/></onlineAssetUrl><swfBoundsLeft><double value="15.05"/></swfBoundsLeft><swfBoundsTop><double value="44.1"/></swfBoundsTop><width><double value="171"/></width></zSwfGraphics><zSwfGraphics><assetSourceFilename><string value="prezidark_arrow_right_grey.swf"/></assetSourceFilename><height><double value="110"/></height><id><string value="44"/></id><localToWorld><transform2D x="-17657.286824558505" y="-310.74983209081915" scale="7.069246854033684" rotation="0"/></localToWorld><onlineAssetId><string value="2818775314"/></onlineAssetId><onlineAssetUrl><string value="http://0103.static.prezi.com.s3.amazonaws.com/media/5/2/b/0ddc336a44cc77071140639777b7cc29a1775.swf"/></onlineAssetUrl><swfBoundsLeft><double value="15.05"/></swfBoundsLeft><swfBoundsTop><double value="44.1"/></swfBoundsTop><width><double value="171"/></width></zSwfGraphics><zText><id><string value="39"/></id><localToWorld><transform2D x="-16105.711803087073" y="-768.9982532293578" scale="4.366255676777725" rotation="0"/></localToWorld><styleClasses><array><token value="subtitle"/></array></styleClasses><text><text><width>350.1673719588708</width><p><span color="0"><![CDATA[El MPAS es un proyecto colaborativo para desarrollar simulaciones de la atmósfera y el océano.]]></span></p></text></text></zText><zText><id><string value="45"/></id><localToWorld><transform2D x="-20748.999999999993" y="-657.5999999999999" scale="6.112757947488817" rotation="0"/></localToWorld><styleClasses><array><token value="title"/></array></styleClasses><text><text><width>-115.21875</width><p><span><![CDATA[Entradas]]></span></p></text></text></zText><zText><id><string value="47"/></id><localToWorld><transform2D x="-20739.659886498237" y="-298.10610633199923" scale="2.5924060872174866" rotation="0"/></localToWorld><styleClasses><array><token value="subtitle"/></array></styleClasses><text><text><width>501.5</width><p><span><![CDATA[La entrada al benchmark consiste en un archivo de descomposición de mallas particionado en tantas particiones]]></span></p><p><span><![CDATA[como procesos se pretendan lanzar, y una serie de datos que permiten inicializar el modelo atmosférico.]]></span></p></text></text></zText><zText><id><string value="48"/></id><localToWorld><transform2D x="-18999.775222047258" y="-657.1948188058686" scale="6.112757947488817" rotation="0"/></localToWorld><styleClasses><array><token value="title"/></array></styleClasses><text><text><width>-100.81640625</width><p><span><![CDATA[Salidas]]></span></p></text></text></zText><zText><id><string value="49"/></id><localToWorld><transform2D x="-18938.048469936526" y="-208.7771367507155" scale="3.6084757659320057" rotation="0"/></localToWorld><styleClasses><array><token value="body"/></array></styleClasses><text><text><width>437.0613390816828</width><p><span><![CDATA[·La salida comprende una serie de mediciones de tiempo, de las cuales time integration mide el rendimiento alcanzado.]]></span></p><p><span><![CDATA[·Adicionalmente, el programa ]]></span></p><p><span><![CDATA[produce una salida correspondiente ]]></span></p><p><span><![CDATA[a los cálculos realizados para validar]]></span></p><p><span><![CDATA[ las ejecuciones.]]></span></p></text></text></zText><zText><id><string value="0_253297943"/></id><localToWorld><transform2D x="-12056.344709679366" y="-9703.195253230635" scale="5.938939784576424" rotation="0"/></localToWorld><styleClasses><array><token value="subtitle"/></array></styleClasses><text><text><width>341.98083357999025</width><p align="center"><span color="14938705" weight="bold"><![CDATA[Grupo 3]]></span></p><p align="center"><span color="16744448" weight="bold"><![CDATA[Francisco David Charte Luque ]]></span></p><p align="center"><span color="16744448" weight="bold"><![CDATA[Sofía Fernández Moreno ]]></span></p><p align="center"><span color="16744448" weight="bold"><![CDATA[Juan Carlos Chaves Puertas ]]></span></p><p align="center"><span color="16744448" weight="bold"><![CDATA[Daniel García Martos ]]></span></p><p align="center"><span color="16744448" weight="bold"><![CDATA[José Carlos Entrena Jiménez]]></span></p><p align="center"><span color="3247103" weight="bold"><![CDATA[Arquitectura y Computación ]]></span></p><p align="center"><span color="3247103" weight="bold"><![CDATA[de Altas Prestaciones ]]></span></p><p align="center"><span color="3247103" weight="bold"><![CDATA[ UGR]]></span></p></text></text></zText><zImage><assetSourceFilename><string value="wrf_logo.jpg"/></assetSourceFilename><height><double value="115"/></height><id><string value="3"/></id><localToWorld><transform2D x="-21892.2" y="1194.8000000000002" scale="10.238440020445584" rotation="0"/></localToWorld><offlineAssetId><string value="4744396825"/></offlineAssetId><onlineAssetId><string value="4744396825"/></onlineAssetId><onlineAssetUrl><string value="http://0103.static.prezi.com.s3.amazonaws.com/media/1/6/a/ee7ea2e9d5c713f497316ed5b8bc3164c56b0.jpg"/></onlineAssetUrl><width><double value="115"/></width></zImage><zRectangleFrame><height><double value="600"/></height><id><string value="19"/></id><localToWorld><transform2D x="-19970.55" y="1194.8" scale="1.563169485780105" rotation="0"/></localToWorld><styleClasses><array><token value="roundrect"/></array></styleClasses><width><double value="800"/></width></zRectangleFrame><zText><id><string value="21"/></id><localToWorld><transform2D x="-19969.3" y="862.15" scale="3.9199999999999995" rotation="0"/></localToWorld><styleClasses><array><token value="title"/></array></styleClasses><text><text><width>215.15234375</width><p><span weight="bold"><![CDATA[¿ Qué es WRF? ]]></span></p></text></text></zText><zText><id><string value="25"/></id><localToWorld><transform2D x="-19965.45" y="1196.45" scale="2" rotation="0"/></localToWorld><styleClasses><array><token value="body"/></array></styleClasses><text><text><width>544.2940534060199</width><p><span><![CDATA[·Es un sistema numérico de predicción del tiempo diseñado tanto para investigación como para]]></span></p><p><span><![CDATA[generación de pronósticos.]]></span></p></text></text></zText><zText><id><string value="27"/></id><localToWorld><transform2D x="-19957.699999999997" y="1472.14765625" scale="2" rotation="0"/></localToWorld><styleClasses><array><token value="body"/></array></styleClasses><text><text><width>552</width><p><span><![CDATA[·Comprende dos cores: un sistema de asimilación de datos y un software que facilita la computación paralela y la extensibilidad del sistema.]]></span></p></text></text></zText><zRectangleFrame><height><double value="600"/></height><id><string value="28"/></id><localToWorld><transform2D x="-18193.75" y="1194.8" scale="1.563169485780105" rotation="0"/></localToWorld><styleClasses><array><token value="roundrect"/></array></styleClasses><width><double value="800"/></width></zRectangleFrame><zText><id><string value="29"/></id><localToWorld><transform2D x="-18193.813992777345" y="890.8744709374998" scale="3.5431220000000025" rotation="0"/></localToWorld><styleClasses><array><token value="title"/></array></styleClasses><text><text><width>-100.81640625</width><p><span><![CDATA[Salidas]]></span></p></text></text></zText><zText><id><string value="33"/></id><localToWorld><transform2D x="-18180.226298782338" y="1078.064428127383" scale="1.9014285714285728" rotation="0"/></localToWorld><styleClasses><array><token value="body"/></array></styleClasses><text><text><width>614.6094470809797</width><p><span><![CDATA[El benchmark incluye un script de análisis de los logs de salida que suma los tiempos obtenidos y da un informe]]></span></p><p><span><![CDATA[como el siguiente:]]></span></p></text></text></zText><zText><id><string value="35"/></id><localToWorld><transform2D x="-18217.700000000008" y="1374.1264352239061" scale="2.200000000000001" rotation="0"/></localToWorld><styleClasses><array><token value="body"/></array></styleClasses><text><text><width>-396</width><p><span weight="bold"><![CDATA[Timing info after 720 iterations:]]></span></p><p><span weight="bold"><![CDATA[Min time: 0.47131]]></span></p><p><span weight="bold"><![CDATA[Max time: 1.06284]]></span></p><p><span weight="bold"><![CDATA[Avg time: 0.538513152777778]]></span></p><p><span weight="bold"><![CDATA[Tot time: 387.72947]]></span></p></text></text></zText><zSwfGraphics><assetSourceFilename><string value="prezidark_arrow_right_grey.swf"/></assetSourceFilename><height><double value="110"/></height><id><string value="38"/></id><localToWorld><transform2D x="-16964.05" y="1194.8" scale="7.069246854033684" rotation="0"/></localToWorld><onlineAssetId><string value="2818775314"/></onlineAssetId><onlineAssetUrl><string value="http://0103.static.prezi.com.s3.amazonaws.com/media/5/2/b/0ddc336a44cc77071140639777b7cc29a1775.swf"/></onlineAssetUrl><swfBoundsLeft><double value="15.05"/></swfBoundsLeft><swfBoundsTop><double value="44.1"/></swfBoundsTop><width><double value="171"/></width></zSwfGraphics></array></zObjects></prezi>